,GameName,Players
0,Counter-Strike: Global Offensive,"836,593"
1,Dota 2,"630,072"
2,PUBG: BATTLEGROUNDS,"359,987"
3,ARK: Survival Evolved,"186,586"
4,Apex Legends,"165,207"
5,Team Fortress 2,"103,660"
6,Grand Theft Auto V,"102,797"
7,Rust,"98,411"
8,Wallpaper Engine,"89,081"
9,ELDEN RING,"60,876"
10,Dead by Daylight,"60,303"
11,FIFA 22,"59,126"
12,War Thunder,"57,129"
13,NARAKA: BLADEPOINT,"52,448"
14,Destiny 2,"52,176"
15,Tom Clancy's Rainbow Six Siege,"47,975"
16,Dread Hunger,"43,974"
17,DayZ,"40,324"
18,Warframe,"39,757"
19,Rocket League,"36,377"
20,Path of Exile,"36,322"
21,Sid Meier's Civilization VI,"34,612"
22,Euro Truck Simulator 2,"34,256"
23,Terraria,"33,975"
24,Garry's Mod,"33,491"
25,Hearts of Iron IV,"33,490"
26,Yu-Gi-Oh!  Master Duel,"32,044"
27,Monster Hunter: World,"31,243"
28,The Cycle: Frontier,"28,489"
29,MONSTER HUNTER RISE,"28,193"
30,Stardew Valley,"27,873"
31,Farming Simulator 22,"27,613"
32,Football Manager 2022,"25,754"
33,Spacewar,"25,106"
34,World of Tanks Blitz,"24,783"
35,Deep Rock Galactic,"24,616"
36,FINAL FANTASY XIV Online,"24,500"
37,Unturned,"24,357"
38,Phasmophobia,"23,732"
39,The Elder Scrolls Online,"23,068"
40,PAYDAY 2,"22,395"
41,Europa Universalis IV,"21,456"
42,VRChat,"20,968"
43,7 Days to Die,"20,828"
44,The Elder Scrolls V: Skyrim Special Edition,"20,525"
45,RimWorld,"20,194"
46,Mount & Blade II: Bannerlord,"18,815"
47,Hunt: Showdown,"18,693"
48,Stellaris,"18,365"
49,Bless Unleashed - Beta Test,"17,489"
50,Sid Meier's Civilization V,"17,223"
51,Brawlhalla,"16,992"
52,Left 4 Dead 2,"16,829"
53,Cities: Skylines,"16,252"
54,Black Desert,"16,094"
55,The Witcher 3: Wild Hunt,"15,778"
56,Project Zomboid,"15,513"
57,The Binding of Isaac: Rebirth,"15,423"
58,Total War: WARHAMMER II,"15,405"
59,Valheim,"15,254"
60,tModLoader,"14,909"
61,Red Dead Redemption 2,"14,489"
62,Fallout 4,"14,302"
63,World of Warships,"14,209"
64,GTFO,"14,109"
65,Satisfactory,"14,079"
66,Soundpad,"13,291"
67,Arma 3,"13,274"
68,Factorio,"13,265"
69,Cookie Clicker,"13,191"
70,Age of Empires II: Definitive Edition,"13,022"
71,Raft,"12,951"
72,Don't Starve Together,"12,800"
73,BeamNG.drive,"12,705"
74,雀魂麻将(MahjongSoul),"12,669"
75,No Man's Sky,"12,503"
76,Battlefield™ 2042,"12,423"
77,Age of Empires IV Ranked Seasons Closed Preview,"11,672"
78,Bloons TD 6,"11,576"
79,SCUM,"11,342"
80,Counter-Strike,"11,245"
81,Geometry Dash,"11,036"
82,Battlefield™ V,"10,884"
83,New World,"10,390"
84,The Sims™ 4,"10,060"
85,Oxygen Not Included,"9,954"
86,Risk of Rain 2,"9,285"
87,Football Manager 2021,"8,847"
88,Crusader Kings III,"8,623"
89,Hyperstacks Demo,"8,570"
90,Sea of Thieves,"8,525"
91,Hell Let Loose,"8,333"
92,Cyberpunk 2077,"8,295"
93,Assetto Corsa,"8,174"
94,Among Us,"8,053"
95,theHunter: Call of the Wild™,"7,985"
96,F1 2021,"7,972"
97,It Takes Two,"7,946"
98,Hollow Knight,"7,809"
99,Age of Empires IV,"7,670"
100,Knockout City™ Cross-Play Beta,"7,553"
101,The Forest,"7,518"
102,SMITE,"7,428"
103,Dying Light,"7,248"
104,鬼谷八荒 Tale of Immortal,"7,238"
105,Albion Online,"7,140"
106,Conan Exiles,"7,080"
107,Slay the Spire,"7,068"
108,Squad,"7,060"
109,Space Engineers,"6,827"
110,Divinity: Original Sin 2,"6,597"
111,Company of Heroes 2,"6,535"
112,Total War: WARHAMMER III,"6,527"
113,Mount & Blade: Warband,"6,351"
114,American Truck Simulator,"6,336"
115,Shadowverse,"6,205"
116,Assassin's Creed Origins,"6,173"
117,Total War: ROME II - Emperor Edition,"6,139"
118,Dying Light 2,"6,074"
119,Sniper Elite 5,"6,054"
120,Forza Horizon 5,"6,029"
121,Fallout 76,"5,814"
122,Paladins,"5,775"
123,Dragon's Dogma: Dark Arisen,"5,737"
124,Idle Champions of the Forgotten Realms,"5,734"
125,Counter-Strike: Source,"5,728"
126,TEKKEN 7,"5,681"
127,Warhammer: Vermintide 2,"5,634"
128,Mass Effect™ Legendary Edition,"5,554"
129,Planet Zoo,"5,365"
130,Shop Titans,"5,136"
131,Aim Lab,"5,060"
132,Halo: The Master Chief Collection,"4,924"
133,Elite Dangerous,"4,881"
134,Farming Simulator 19,"4,846"
135,Call of Duty: Black Ops III,"4,758"
136,Jurassic World Evolution 2,"4,728"
137,Blender,"4,725"
138,Empyrion - Galactic Survival,"4,548"
139,House Flipper,"4,537"
140,Fall Guys: Ultimate Knockout,"4,521"
141,XCOM 2,"4,517"
142,Borderlands 3,"4,445"
143,Assassin's Creed Odyssey,"4,392"
144,Microsoft Flight Simulator,"4,354"
145,Devil May Cry 5,"4,334"
146,The Elder Scrolls V: Skyrim,"4,325"
147,Battlefield 1 ™,"4,317"
148,Age of Empires II (2013),"4,280"
149,Killing Floor 2,"4,207"
150,Teenage Mutant Ninja Turtles: Shredder's Revenge,"4,197"
151,Legends of Idleon MMO,"4,118"
152,STAR WARS™: The Old Republic™,"4,090"
153,Dyson Sphere Program,"4,083"
154,For Honor,"4,081"
155,Yu-Gi-Oh! Duel Links,"4,061"
156,VTube Studio,"4,045"
157,Pathfinder: Wrath of the Righteous,"4,025"
158,MapleStory,"4,014"
159,Barotrauma,"3,955"
160,Fallout: New Vegas,"3,945"
161,Plants vs. Zombies: Game of the Year,"3,935"
162,Tabletop Simulator,"3,933"
163,YoloMouse,"3,930"
164,EVE Online,"3,917"
165,SCP: Secret Laboratory,"3,781"
166,The Isle,"3,732"
167,Insurgency: Sandstorm,"3,704"
168,NGU IDLE,"3,697"
169,DARK SOULS™ III,"3,696"
170,Frostpunk,"3,603"
171,Kerbal Space Program,"3,590"
172,Total War: MEDIEVAL II - Definitive Edition,"3,581"
173,Eternal Return,"3,553"
174,METAL GEAR SOLID V: THE PHANTOM PAIN,"3,496"
175,Borderlands 2,"3,490"
176,Leaf Blower Revolution - Idle Game,"3,481"
177,Nioh 2 – The Complete Edition,"3,469"
178,Kenshi,"3,372"
179,eFootball PES 2021 SEASON UPDATE,"3,311"
180,Melvor Idle,"3,253"
181,Kingdom Come: Deliverance,"3,195"
182,Crusader Kings II,"3,091"
183,Starship Troopers: Terran Command,"3,050"
184,Shakes and Fidget,"3,017"
185,Phantasy Star Online 2 New Genesis,"3,012"
186,Fishing Planet,"2,971"
187,They Are Billions,"2,968"
188,State of Decay 2,"2,951"
189,Grim Dawn,"2,943"
190,New World Open Beta,"2,931"
191,CarX Drift Racing Online,"2,911"
192,Dead Cells,"2,880"
193,METAL GEAR RISING: REVENGEANCE,"2,861"
194,Assassin's Creed Unity,"2,804"
195,Human: Fall Flat,"2,785"
196,Total War: THREE KINGDOMS,"2,754"
197,Subnautica,"2,753"
198,Age of Empires III: Definitive Edition,"2,734"
199,RuneScape,"2,730"
200,Total War: EMPIRE - Definitive Edition,"2,723"
201,Stormworks: Build and Rescue,"2,695"
202,Scrap Mechanic,"2,694"
203,Street Fighter V,"2,676"
204,Disco Elysium,"2,652"
205,Total War: SHOGUN 2,"2,637"
206,BATTLETECH,"2,600"
207,OVR Advanced Settings,"2,580"
208,SnowRunner,"2,575"
209,Clicker Heroes,"2,570"
210,Russian Fishing 4,"2,568"
211,Far Cry 5,"2,559"
212,Crossout,"2,545"
213,Sands of Salzaar,"2,535"
214,Back 4 Blood,"2,527"
215,Northgard,"2,519"
216,Symphony of War: The Nephilim Saga,"2,508"
217,Darkest Dungeon®,"2,490"
218,Total War: ATTILA,"2,463"
219,Crosshair X,"2,447"
220,Starbound,"2,441"
221,World of Tanks,"2,441"
222,Prison Architect,"2,421"
223,My Time At Portia,"2,368"
224,STAR WARS Jedi: Fallen Order™ ,"2,364"
225,Totally Accurate Battle Simulator,"2,287"
226,Hades,"2,275"
227,Forza Horizon 4,"2,271"
228,Soulworker,"2,264"
229,Gunfire Reborn,"2,262"
230,Heroes & Generals,"2,261"
231,Halo Infinite,"2,258"
232,Aseprite,"2,225"
233,Grand Theft Auto IV: The Complete Edition,"2,209"
234,Splitgate,"2,201"
235,Age of History II,"2,174"
236,Titanfall® 2,"2,167"
237,Your Chronicle,"2,151"
238,NBA 2K21,"2,141"
239,The Sims™ 3,"2,124"
240,Grounded,"2,120"
241,Gems of War,"2,116"
242,觅长生,"2,110"
243,DEAD OR ALIVE Xtreme Venus Vacation,"2,067"
244,Hero Siege,"2,067"
245,Vampire: The Masquerade - Bloodhunt,"2,065"
246,ATLAS,"2,064"
247,MORDHAU,"2,063"
248,Skul: The Hero Slayer,"2,061"
249,Draw & Guess,"2,055"
250,PlanetSide 2,"2,051"
251,Transformice,"2,040"
252,The Guild 3,"2,025"
253,Source SDK Base 2007,"1,991"
254,Assassin's Creed IV Black Flag,"1,987"
255,Trove,"1,975"
256,Goose Goose Duck,"1,972"
257,GrandChase,"1,970"
258,Warface,"1,964"
259,Planet Coaster,"1,961"
260,Granado Espada,"1,950"
261,NARAKA: BLADEPOINT Playtest,"1,942"
262,The Quarry,"1,913"
263,It Takes Two Friend's Pass,"1,911"
264,STAR WARS™ Empire at War: Gold Pack,"1,900"
265,Assetto Corsa Competizione,"1,899"
266,WorldBox - God Simulator,"1,897"
267,Sekiro™: Shadows Die Twice,"1,894"
268,Car Mechanic Simulator 2021,"1,889"
269,This War of Mine,"1,882"
270,Beasts of Bermuda,"1,865"
271,Rec Room,"1,861"
272,Red Dead Online,"1,854"
273,Dota Underlords,"1,834"
274,Ready or Not,"1,828"
275,Lords Mobile,"1,821"
276,Gloomhaven,"1,816"
277,Men of War: Assault Squad 2,"1,816"
278,Pathfinder: Kingmaker,"1,807"
279,Portal 2,"1,788"
280,Call to Arms - Gates of Hell: Ostfront,"1,776"
281,Middle-earth™: Shadow of War™,"1,731"
282,Resident Evil 4,"1,718"
283,EA SPORTS™ FIFA 21 ,"1,715"
284,AdVenture Capitalist,"1,714"
285,BLEACH Brave Souls - 3D Action,"1,709"
286,DOOM Eternal,"1,708"
287,X4: Foundations,"1,703"
288,My Time at Sandrock,"1,700"
289,STAR WARS™ Battlefront™ II,"1,654"
290,Days Gone,"1,652"
291,Cuphead,"1,649"
292,Bloons TD Battles 2,"1,631"
293,Onmyoji,"1,626"
294,Don't Starve,"1,606"
295,Soundpad Demo,"1,587"
296,Bloodhunt Playtest,"1,586"
297,Titan Quest Anniversary Edition,"1,584"
298,DCS World Steam Edition,"1,582"
299,Fallout Shelter,"1,556"
300,Age of Mythology: Extended Edition,"1,553"
301,Resident Evil 2,"1,547"
302,PGA TOUR 2K21,"1,538"
303,LastCloudiaTc,"1,536"
304,The Long Dark,"1,535"
305,Sniper Elite 4,"1,533"
306,Neverwinter,"1,528"
307,GUILTY GEAR -STRIVE-,"1,523"
308,Rogue Legacy 2,"1,516"
309,Will To Live Online,"1,513"
310,Rogue Company,"1,510"
311,Conqueror's Blade,"1,510"
312,Company of Heroes ,"1,507"
313,Heroes of Might & Magic III - HD Edition,"1,504"
314,Battle Brothers,"1,499"
315,Horizon Zero Dawn,"1,491"
316,Total War: NAPOLEON - Definitive Edition,"1,483"
317,Teardown,"1,474"
318,Kingdom Two Crowns,"1,470"
319,DDraceNetwork,"1,469"
320,GWENT: The Witcher Card Game,"1,456"
321,封灵档案/Soul Dossier,"1,446"
322,Timberborn,"1,443"
323,Godsbane Idle,"1,439"
324,For The King,"1,434"
325,DARK SOULS™: REMASTERED,"1,433"
326,Transport Fever 2,"1,423"
327,Victoria II,"1,411"
328,Sid Meier's Civilization IV: Beyond the Sword,"1,400"
329,Football Manager 2018,"1,390"
330,小黑盒加速器,"1,385"
331,X-Plane 11,"1,377"
332,Realm of the Mad God Exalt,"1,374"
333,Jurassic World Evolution,"1,370"
334,Icarus,"1,365"
335,FTL: Faster Than Light,"1,364"
336,ASTRONEER,"1,362"
337,Watch_Dogs 2,"1,356"
338,Just Cause 3,"1,329"
339,Black Squad,"1,323"
340,OUTRIDERS,"1,322"
341,ShareX,"1,319"
342,Train Simulator,"1,317"
343,Peglin,"1,307"
344,March of Empires,"1,295"
345,Enter the Gungeon,"1,293"
346,DRAGON BALL FighterZ,"1,292"
347,War Robots,"1,279"
348,Farm Together,"1,279"
349,Surviving Mars,"1,278"
350,Sid Meier's Civilization III: Complete,"1,275"
351,Wasteland 3,"1,274"
352,PowerWash Simulator,"1,273"
353,EVGA Precision X1,"1,270"
354,Neon White,"1,270"
355,Madden NFL 22,"1,265"
356,Green Hell,"1,256"
357,Ravenfield,"1,256"
358,Star Trek Online,"1,254"
359,Two Point Hospital,"1,253"
360,The Crew 2,"1,250"
361,Governor of Poker 3,"1,242"
362,Batman™: Arkham Knight,"1,240"
363,World War 3,"1,239"
364,Lobotomy Corporation,"1,238"
365,The Elder Scrolls IV: Oblivion ,"1,227"
366,NARUTO TO BORUTO: SHINOBI STRIKER,"1,223"
367,Old World,"1,221"
368,Catan Universe,"1,216"
369,OMSI 2,"1,215"
370,Tom Clancy's Ghost Recon® Wildlands,"1,215"
371,The Planet Crafter,"1,181"
372,Neverwinter Nights: Enhanced Edition,"1,181"
373,Everlasting Summer,"1,178"
374,Slime Rancher,"1,174"
375,WWE 2K22,"1,173"
376,Nioh: Complete Edition,"1,168"
377,Stream Avatars,"1,163"
378,Assassin's Creed II,"1,162"
379,Crush Crush,"1,161"
380,Beat Saber,"1,160"
381,Pillars of Eternity II: Deadfire,"1,155"
382,太荒初境,"1,155"
383,Library Of Ruina,"1,154"
384,The Village,"1,151"
385,Temtem,"1,150"
386,Black Desert Online SA,"1,148"
387,KovaaK's,"1,145"
388,Going Medieval,"1,144"
389,ACE COMBAT™ 7: SKIES UNKNOWN,"1,142"
390,Bless Unleashed,"1,139"
391,The Lord of the Rings Online™,"1,129"
392,Golf It!,"1,126"
393,Noita,"1,125"
394,MX Bikes,"1,124"
395,HUMANKIND™ - Closed Beta,"1,118"
396,Realm Grinder,"1,116"
397,Wargame: Red Dragon,"1,112"
398,Tales of Arise,"1,108"
399,Mr.Mine,"1,100"
400,Microsoft Flight Simulator X: Steam Edition,"1,098"
401,Resident Evil Village,"1,095"
402,Cell to Singularity - Evolution Never Ends,"1,092"
403,theHunter Classic,"1,091"
404,Workers & Resources: Soviet Republic,"1,091"
405,Children of Morta,"1,080"
406,OVR Toolkit,"1,079"
407,Subnautica: Below Zero,"1,079"
408,DARK SOULS™ II: Scholar of the First Sin,"1,074"
409,Rise of the Tomb Raider,"1,070"
410,DiRT Rally 2.0,"1,069"
411,Foxhole,"1,066"
412,KARDS - The WWII Card Game,"1,046"
413,Football Manager 2019,"1,045"
414,A Dance of Fire and Ice,"1,041"
415,Source Filmmaker,"1,041"
416,Inscryption,"1,040"
417,Cossacks 3,"1,037"
418,Tropico 6,"1,036"
419,"Warhammer 40,000: Dawn of War - Soulstorm","1,034"
420,My Summer Car,"1,031"
421,Escape Simulator,"1,031"
422,NieR:Automata™,"1,026"
423,Firestone Idle RPG,"1,023"
424,Baldur's Gate 3,"1,023"
425,Graveyard Keeper,"1,019"
426,Idling to Rule the Gods,"1,017"
427,Rocksmith® 2014 Edition - Remastered,"1,016"
428,Stronghold Crusader HD,"1,009"
429,Weed Shop 3,993
430,Ori and the Will of the Wisps,990
431,Knight Online,985
432,Medieval Dynasty,976
433,Yakuza 0,962
434,Mortal Kombat 11,960
435,Conqueror's Blade,958
436,Storybook Brawl,953
437,RISK: Global Domination,950
438,Deceit,947
439,Metro Exodus,946
440,Outward,930
441,Banished,929
442,Action Taimanin,928
443,Motorsport Manager,924
444,Keplerth,917
445,Legion TD 2,913
446,PrprLive,909
447,Rome: Total War,904
448,Assassin's Creed Syndicate,901
449,Avorion,899
450,ShellShock Live,896
451,FINAL FANTASY XV WINDOWS EDITION,896
452,Resident Evil 7 Biohazard,887
453,Going Medieval Playtest,885
454,Spiritfarer®: Farewell Edition,878
455,Super Animal Royale,877
456,Need for Speed™ Heat ,876
457,Eco,876
458,Spore,875
459,Battlefield 4™ ,867
460,RPG Maker MV,866
461,Kingdoms and Castles,865
462,Dishonored 2,858
463,ROMANCE OF THE THREE KINGDOMS XIV,850
464,Old School RuneScape,847
465,Dragon Age™ Inquisition,841
466,Dragon Age: Origins - Ultimate Edition,840
467,FINAL FANTASY XIV Online Free Trial,839
468,DOOM,838
469,Pummel Party,831
470,XCOM: Enemy Unknown,827
471,The Perfect Tower II,817
472,FINAL FANTASY X/X-2 HD Remaster,815
473,Rise of Nations: Extended Edition,813
474,STAR WARS™ Knights of the Old Republic™ II: The Sith Lords™,808
475,Outer Wilds,807
476,Generation Zero®,805
477,Fallout: New Vegas PCR,802
478,Animaze,800
479,Blade & Sorcery,795
480,Celeste,789
481,Grand Theft Auto: San Andreas,786
482,Minion Masters,784
483,Stay Out,784
484,Hardspace: Shipbreaker,783
485,Battle vs Chess,778
486,Car Mechanic Simulator 2018,778
487,Digimon Masters Online,776
488,Doki Doki Literature Club,770
489,Surviving the Aftermath,769
490,Brick Rigs,767
491,Farming Simulator 17,766
492,MechWarrior Online,762
493,The Witcher: Enhanced Edition,761
494,Travellers Rest,758
495,Mad Max,756
496,HUMANKIND™,756
497,Stick Fight: The Game,754
498,DRAGON BALL XENOVERSE 2,754
499,Overcooked! 2,748
500,The Witcher 2: Assassins of Kings Enhanced Edition,746
501,Age of Empires® III (2007),744
502,Tomb Raider,743
503,Shadow of the Tomb Raider,739
504,The Outer Worlds,731
505,Undertale,731
506,Wreckfest,730
507,Half-Life 2,729
508,SAO Utils: Beta,726
509,Wartales,720
510,Cube Racer,720
511,Out of the Park Baseball 22,710
512,Foundation,710
513,三国群英传7,710
514,Myth of Empires,698
515,Dorfromantik,698
516,RaceRoom Racing Experience ,694
517,Detroit: Become Human,693
518,ENDLESS™ Space 2,686
519,Amazing Cultivation Simulator,684
520,TrackMania Nations Forever,683
521,Total War: ROME REMASTERED,683
522,Conflict of Nations: World War 3,682
523,Realm Royale,677
524,MechWarrior 5: Mercenaries,676
525,Call to Arms,673
526,Crusaders of the Lost Idols,670
527,Idle Slayer,665
528,Resident Evil 6,664
529,Moonlighter,663
530,OMORI,663
531,Naval Action,658
532,DEAD OR ALIVE Xtreme Venus Vacation [JP],652
533,Wildermyth,652
534,Mafia III: Definitive Edition,650
535,Axis & Allies 1942 Online,647
536,Zula Global,646
537,Baldur's Gate: Enhanced Edition,645
538,Remnant: From the Ashes,644
539,VRoid Studio,643
540,F1 2018,640
541,Steel Division 2,639
542,LEGO® MARVEL Super Heroes,636
543,HITMAN™ 2,636
544,UBOAT,635
545,Half-Life: Alyx,626
546,Wizard101,626
547,The Sacred Stone: A Story Adventure,624
548,Insurgency,623
549,Command & Conquer™ Remastered Collection,622
550,Devil May Cry HD Collection,620
551,Town of Salem,619
552,Quake Champions,619
553,Lost Castle,619
554,Total War: WARHAMMER,617
555,Alien Swarm: Reactive Drop,615
556,Football Manager 2015,613
557,"Warhammer 40,000: Gladius - Relics of War",613
558,Trailmakers,613
559,Euro Truck Simulator 2 Demo,612
560,Sid Meier's Civilization IV,610
561,From The Depths,608
562,NARUTO SHIPPUDEN: Ultimate Ninja STORM 4,608
563,Ironsight,607
564,NOBUNAGA'S AMBITION: Sphere of Influence - Ascension,606
565,Far Cry 4,603
566,Pavlov VR,602
567,Pillars of Eternity,600
568,Borderlands GOTY Enhanced,600
569,CODE VEIN,599
570,Monster Hunter Stories 2: Wings of Ruin,599
571,DEVOUR,598
572,Idle Wizard,596
573,Deadside,595
574,We Were Here Forever,593
575,DRAGON BALL Z: KAKAROT,591
576,Far Cry® 3,589
577,My Singing Monsters,589
578,Counter-Strike Nexon: Studio,588
579,Wolfenstein II: The New Colossus,587
580,Command and Conquer: Red Alert 3,585
581,Sins of a Solar Empire: Rebellion,585
582,Last Epoch,575
583,Blood of Steel,572
584,Football Manager 2016,571
585,Forts,571
586,Drug Dealer Simulator,571
587,Tom Clancy's The Division,570
588,大富翁10(Richman 10),569
589,TaleSpire,568
590,A Total War Saga: Thrones of Britannia,562
591,Resident Evil 5,562
592,TerraTech,562
593,Batman: Arkham City GOTY,561
594,Divinity: Original Sin Enhanced Edition,561
595,FreeStyle 2: Street Basketball,560
596,Game of Thrones Winter is Coming,557
597,Baldur's Gate II: Enhanced Edition,556
598,DC Universe Online,556
599,Driver Booster for Steam,556
600,Forager,554
601,Zuma Deluxe,552
602,VTOL VR,550
603,Blood Bowl 2,550
604,Super Robot Wars 30,547
605,Iron Harvest,546
606,三国群英传2,546
607,Subsistence,546
608,Dawn of Man,544
609,Hydroneer,543
610,Saints Row IV,542
611,Phoenix Point: Year One Edition,541
612,The Tower Of Elements,540
613,PC Building Simulator,539
614,Borderlands: The Pre-Sequel,539
615,City Car Driving,534
616,Battlefleet Gothic: Armada 2,531
617,Stronghold Kingdoms,529
618,The Elder Scrolls III: Morrowind,528
619,Gothic II: Gold Classic,528
620,Capcom Arcade Stadium,528
621,Fallout 3 - Game of the Year Edition,527
622,PICO PARK,526
623,Thief Simulator,526
624,Call of Duty: Modern Warfare 2 (2009),526
625,STAR WARS™: Knights of the Old Republic™,524
626,XSOverlay,522
627,Resident Evil 3,522
628,Stationeers,520
629,"Warhammer 40,000: Inquisitor - Martyr",518
630,Settlement Survival,518
631,Stranded Deep,517
632,Railway Empire,517
633,Shadow Tactics: Blades of the Shogun,517
634,Worms W.M.D,516
635,Skater XL,515
636,VEGA Conflict,514
637,Life is Feudal: Your Own,513
638,Necesse,511
639,Space Haven,507
640,Little Nightmares,506
641,ROUNDS,506
642,Terraforming Mars,504
643,Super Mecha Champions,503
644,Wingspan,501
645,Totally Accurate Battlegrounds,501
646,F1 2020,499
647,Blush Blush,495
648,Dishonored,494
649,LEGO® City Undercover,493
650,Call of War,491
651,World War Z: Aftermath,491
652,Swords of Legends Online,490
653,FaceRig,490
654,Middle-earth™: Shadow of Mordor™,488
655,Sleeping Dogs: Definitive Edition,485
656,HudSight - custom crosshair overlay,484
657,Action! - Gameplay Recording and Streaming,483
658,Gang Beasts,483
659,Craftopia,481
660,Marvel Puzzle Quest,479
661,Live2DViewerEX,476
662,RutonyChat,476
663,S.T.A.L.K.E.R.: Shadow of Chernobyl,474
664,BioShock Infinite,473
665,Post Scriptum,473
666,Project CARS 2,473
667,Vampyr,472
668,Rising Storm 2: Vietnam,472
669,Ori and the Blind Forest: Definitive Edition,472
670,The Chronicles Of Myrtana: Archolos,471
671,The Escapists 2,471
672,Gorilla Tag,471
673,Ultimate Epic Battle Simulator 2,470
674,THE KING OF FIGHTERS XV,470
675,Golf With Your Friends,467
676,Gloria Victis,466
677,DRAGON QUEST XI S: Echoes of an Elusive Age – Definitive Edition,463
678,Paint the Town Red,462
679,Business Tour - Online Multiplayer Board Game,461
680,DEATH STRANDING,458
681,Desperados III,458
682,Tails of Iron,458
683,OpenTTD,458
684,EverQuest Free-to-Play,458
685,Age of Empires: Definitive Edition,457
686,Castle Crashers,457
687,Smart Game Booster,456
688,Call to Arms - Gates of Hell: Ostfront BETA,456
689,Assassin's Creed Brotherhood,456
690,Dungeon Defenders II,456
691,Automation - The Car Company Tycoon Game,456
692,Call of Duty: Black Ops,456
693,Age of Wonders: Planetfall,455
694,No More Room in Hell,454
695,Infestation: The New Z,452
696,Ghostwire: Tokyo,452
697,FINAL FANTASY VII,452
698,Just Cause 4,452
699,War Planet Online: Global Conquest,450
700,Call of Duty: Modern Warfare 3,449
701,Mortal Online 2,448
702,Sven Co-op,447
703,Borderless Gaming,446
704,Left 4 Dead,446
705,Supreme Commander: Forged Alliance,445
706,Besiege,442
707,Night of the Dead,441
708,LEGO® MARVEL Super Heroes 2,440
709,Knockout City™,439
710,Underworld Idle,438
711,rFactor 2,437
712,Sid Meier's Civilization: Beyond Earth,437
713,Prey,437
714,RPG Maker MZ,436
715,Plague Inc: Evolved,433
716,3DMark,433
717,Black Mesa,432
718,Sniper Ghost Warrior Contracts 2,430
719,Virtual Cottage,430
720,Age of Wonders III,429
721,The Riftbreaker,428
722,Hacknet,428
723,Witch It,426
724,Pixel Worlds,426
725,BONEWORKS,426
726,Bloons TD Battles,426
727,S.T.A.L.K.E.R.: Call of Pripyat,426
728,LEGO® Harry Potter: Years 1-4,424
729,Ultimate General: Civil War,424
730,Hired Ops,423
731,Stronghold Crusader 2,423
732,Saints Row: The Third,423
733,Expeditions: Rome,423
734,Romance of the Three Kingdoms XI with Power Up Kit,422
735,Tree of Savior (Japanese Ver.),421
736,The Evil Within 2,417
737,VALKYRIE CONNECT,416
738,The Walking Dead: The Telltale Definitive Series,416
739,POSTAL 2,416
740,Assassin's Creed Rogue,414
741,Football Manager 2014,413
742,MudRunner,410
743,Call of Duty: Modern Warfare 2 (2009) - Multiplayer,410
744,Zula Türkiye,410
745,Train Sim World® 2,409
746,Master of Orion,409
747,Codename Gordon,409
748,Mortal Kombat X,408
749,Imperator: Rome,408
750,Turmoil,407
751,Wolfenstein: The New Order,407
752,Krunker,407
753,Craft The World,406
754,King Arthur: Knight's Tale,405
755,Deus Ex: Mankind Divided™,405
756,Blasphemous,404
757,Half-Life,402
758,Hades' Star,400
759,天命奇御二 Fate Seeker II,400
760,Torchlight II,399
761,ELEX II,398
762,"Warhammer 40,000: Dawn of War II - Retribution",395
763,Assassin's Creed,395
764,Metro Exodus Enhanced Edition,393
765,MIR4 Playtest,393
766,Call of Duty: World at War,392
767,LEGO® Jurassic World,392
768,Bejeweled 3,392
769,Ultimate Admiral: Dreadnoughts,389
770,Feed and Grow: Fish,389
771,Watch_Dogs,387
772,Phoenix Wright: Ace Attorney Trilogy,386
773,Counter-Strike: Condition Zero,386
774,"Papers, Please",385
775,Muse Dash,384
776,Portal,381
777,Propnight,380
778,Trainz Railroad Simulator 2019,379
779,SimCity 4 Deluxe,379
780,Tree of Savior (English Ver.),376
781,Coloring Pixels,376
782,Ticket to Ride,376
783,The Great Ace Attorney Chronicles,376
784,Mass Effect™: Andromeda,375
785,Call of Duty: Black Ops II - Zombies,374
786,Mini Motorways,371
787,War Selection,371
788,GROUND BRANCH,370
789,Ultimate Chicken Horse,370
790,Mount & Blade: With Fire and Sword,369
791,CPUCores :: Maximize Your FPS,367
792,Soda Dungeon 2,367
793,Cooking Simulator,366
794,Metro: Last Light Redux,366
795,Loop Hero,366
796,WAKFU,364
797,Senren＊Banka,362
798,Panzer Corps,360
799,Dragon Cliff 龙崖,360
800,Holdfast: Nations At War,360
801,Frozenheim,359
802,The Elder Scrolls V: Skyrim VR,358
803,A Way Out,357
804,Krita,357
805,Mindustry,357
806,EARTH DEFENSE FORCE 5,356
807,Batman™: Arkham Origins,355
808,Ring of Elysium,354
809,The Long Drive,354
810,LEGO® Batman™: The Videogame,353
811,Space Rangers HD: A War Apart,348
812,Mabinogi,348
813,Griftlands,348
814,Mirror,346
815,Breeders of the Nephelym: Alpha,345
816,Panzer Corps 2,345
817,BlazBlue Centralfiction,343
818,Hotline Miami 2: Wrong Number,343
819,Metro 2033 Redux,342
820,"Warhammer 40,000: Dawn of War - Dark Crusade",342
821,Puzzle Together,341
822,Quake Live,340
823,Streets of Rogue,339
824,暖雪 Warm Snow,339
825,College Kings,336
826,Life is Strange™,336
827,Football Manager 2021 Touch,335
828,Digimon Story Cyber Sleuth: Complete Edition,334
829,Aliens: Fireteam Elite,334
830,The Elder Scrolls: Legends,332
831,Call of Duty 4: Modern Warfare,330
832,"Warhammer 40,000: Mechanicus",330
833,Sonic Adventure™ 2 ,330
834,Heroes of Hammerwatch,328
835,Danganronpa V3: Killing Harmony,327
836,Sword and Fairy 7,327
837,Control Ultimate Edition,327
838,Tribes of Midgard,327
839,Grand Tactician: The Civil War (1861-1865),326
840,Transport Fever,325
841,Bloodstained: Ritual of the Night,325
842,Eternal Card Game,324
843,BioShock Remastered,323
844,We Were Here,322
845,Neon Abyss,321
846,Gothic 3,320
847,TROUBLESHOOTER: Abandoned Children,319
848,Eternium,319
849,Universe Sandbox,319
850,Cultist Simulator,318
851,Spelunky 2,318
852,NosTale,316
853,Getting Over It with Bennett Foddy,316
854,Arma 2: Operation Arrowhead,314
855,Wizard And Minion Idle,312
856,SCARLET NEXUS,312
857,Frozen Flame Demo,312
858,MONOPOLY Poker,311
859,Mon Bazou,311
860,Rain World,310
861,Animal Revolt Battle Simulator,309
862,Call of Duty: WWII,309
863,GreedFall,308
864,Clone Drone in the Danger Zone,307
865,S.T.A.L.K.E.R.: Clear Sky,306
866,Source SDK Base 2013 Multiplayer,306
867,FINAL FANTASY XII THE ZODIAC AGE,306
868,Evil Genius 2,306
869,Sniper Ghost Warrior 3,306
870,LEGO® The Lord of the Rings™,306
871,FINAL FANTASY XIII,305
872,FINAL FANTASY VI,305
873,RetroArch,305
874,Trailer Park Boys: Greasy Money,304
875,Bomber Crew,304
876,Football Manager 2012,303
877,Wobbly Life,303
878,Day of Defeat: Source,302
879,Souldiers,302
880,Heroes of Might & Magic V: Tribes of the East,298
881,Stoneshard,297
882,Sniper Elite 3,296
883,Gold Rush: The Game,296
884,NOBUNAGA'S AMBITION: Taishi,296
885,Command and Conquer 3: Tiberium Wars,295
886,She Will Punish Them,294
887,Dungeons & Dragons Online®,294
888,三国杀,294
889,Infinitode 2,292
890,100% Orange Juice,291
891,Into the Breach,290
892,Order of Battle: World War II,290
893,Call of Duty: Modern Warfare 3 - Multiplayer,290
894,Substance 3D Painter 2021,288
895,Deducto,287
896,Robocraft,287
897,The Descendant,286
898,The Universim,285
899,Warspear Online,284
900,Airport CEO,283
901,Nova Drift,283
902,Five Nights at Freddy's: Security Breach,283
903,Call of Duty: WWII - Multiplayer,283
904,WolfQuest: Anniversary Edition,282
905,RIDE 4,282
906,Batman: Arkham Asylum GOTY Edition,280
907,Creeper World 4,280
908,Dead Island Definitive Edition,280
909,Thunder Tier One Playtest,279
910,Mafia II (Classic),279
911,DEATHLOOP,278
912,Injustice™ 2,276
913,Luck be a Landlord,276
914,Per Aspera,276
915,Command and Conquer 3: Kane's Wrath,276
916,Call of Duty: Black Ops II - Multiplayer,276
917,shapez,275
918,Danganronpa 2: Goodbye Despair,275
919,EverQuest II,274
920,SAS: Zombie Assault 4,274
921,BustyBiz,274
922,Kingdoms Reborn,274
923,Romance of the Three Kingdoms XIII,273
924,Max Payne 3,272
925,Unpacking,272
926,DiRT Rally,271
927,Monster Sanctuary,271
928,Command and Conquer: Red Alert 3 - Uprising,271
929,POLYGON,270
930,Songs of Conquest,270
931,Last Oasis,269
932,DYNASTY WARRIORS 8: Xtreme Legends Complete Edition,269
933,Elsword,269
934,Football Manager 2013,268
935,Hitman: Absolution,268
936,Friday the 13th: The Game,267
937,Supreme Commander 2,265
938,Empires of the Undergrowth,264
939,Armored Warfare,264
940,The Binding of Isaac,263
941,The Jackbox Party Pack 6,262
942,SMASH LEGENDS,261
943,Dead Frontier 2,261
944,Mighty Party,261
945,Project Hospital,260
946,Badlanders,260
947,Far Cry New Dawn,260
948,LEGO® Star Wars™: The Complete Saga,260
949,Home Behind 2,259
950,Pro Cycling Manager 2021,258
951,Quaver,258
952,LEGO® Batman™ 3: Beyond Gotham,257
953,Flashing Lights,256
954,Grand Theft Auto: Vice City,256
955,Assassin's Creed Revelations,256
956,Bully: Scholarship Edition,256
957,Descenders,254
958,Outlast,254
959,MADNESS: Project Nexus,253
960,Allods Online RU,253
961,Killing Floor,252
962,"Star Wars: Battlefront 2 (Classic, 2005)",251
963,Grimm,251
964,FINAL FANTASY V,250
965,Software Inc.,250
966,Call of Duty: Black Ops - Multiplayer,250
967,NEEDY GIRL OVERDOSE,249
968,Star Trek Timelines,249
969,Gothic 1 Classic,248
970,ONE PIECE: PIRATE WARRIORS 4,248
971,Psychonauts 2,248
972,RollerCoaster Tycoon Classic,248
973,XERA: Survival,248
974,Bit Heroes,248
975,NBA 2K18,246
976,RollerCoaster Tycoon: Deluxe,246
977,Cadria Item Shop,246
978,Duck Game,246
979,コイカツ / Koikatsu Party,245
980,ENDLESS™ Legend,245
981,Bus Simulator 18,245
982,SOULCALIBUR VI,245
983,Dicey Dungeons,243
984,Broforce,242
985,Assassin's Creed III Remastered,242
986,Dominions 5,242
987,Sid Meier's Civilization IV: Colonization,242
988,IL-2 Sturmovik: Battle of Stalingrad,242
989,APB Reloaded,242
990,BIOMUTANT,241
991,Creeper World 3: Arc Eternal,241
992,Z.I.O.N.,241
993,侠客风云传(Tale of Wuxia),240
994,The Henry Stickmin Collection,240
995,FINAL FANTASY IX,240
996,Ni no Kuni™ II: Revenant Kingdom,239
997,Plants vs. Zombies: Battle for Neighborville,239
998,First Class Trouble Playtest,238
999,STAR WARS™: The Force Unleashed™ Ultimate Sith Edition,238
1000,Kingdom Rush Vengeance,238
1001,LEGO® DC Super-Villains,237
1002,Call Of The Mighty Warriors,236
1003,Real Pool 3D - Poolians,236
1004,Yakuza: Like a Dragon,236
1005,Stronghold HD,236
1006,Demon Slayer -Kimetsu no Yaiba- The Hinokami Chronicles,235
1007,Eastside Hockey Manager,234
1008,Might & Magic Heroes VII ,234
1009,Bloons Monkey City,234
1010,Game Dev Tycoon,234
1011,Hexcells Infinite,233
1012,Ultimate Fishing Simulator,233
1013,Territory Idle,232
1014,LEGO® Batman™ 2: DC Super Heroes,232
1015,Viscera Cleanup Detail,232
1016,古剑奇谭三(Gujian3),232
1017,Sudden Strike 4,231
1018,Marvel's Avengers,230
1019,DRAGON QUEST BUILDERS™ 2,229
1020,Star Conflict,229
1021,Resident Evil,229
1022,Police Simulator: Patrol Officers,229
1023,Ranch Simulator,229
1024,Karos,228
1025,Battlerite,228
1026,Vindictus,228
1027,L.A. Noire,228
1028,Ninja Kiwi Archive,228
1029,Day of Dragons,227
1030,SpeedRunners,226
1031,Ultra Street Fighter IV,226
1032,HD Poker,226
1033,HELLDIVERS™,225
1034,LEGO® Worlds,225
1035,KurtzPel,225
1036,Farming Simulator 15,225
1037,Incremental Epic Hero,225
1038,Yakuza Kiwami,224
1039,Liftoff,224
1040,RealFlight 9.5S,224
1041,SpellForce 3: Versus Edition,223
1042,Wolcen: Lords of Mayhem,223
1043,Super Mega Baseball 3,223
1044,DmC Devil May Cry,222
1045,Mech Armada,222
1046,Call of Duty 2,222
1047,Devil May Cry 4 Special Edition,222
1048,Orcs Must Die! 3,222
1049,Alien: Isolation,222
1050,RPG Maker XP,221
1051,The Infected,221
1052,Yakuza Kiwami 2,221
1053,Cozy Grove,221
1054,Galactic Civilizations III,220
1055,Prominence Poker,220
1056,Far Cry Primal,220
1057,Grim Clicker,219
1058,Operation: New Earth,219
1059,PixARK,219
1060,We Happy Few,219
1061,RUNNING WITH RIFLES,218
1062,HITMAN™,218
1063,Kingdom: New Lands,218
1064,DYSMANTLE,218
1065,UnderMine,218
1066,ELEX,217
1067,PickCrafter,216
1068,OCTOPATH TRAVELER,216
1069,Door Kickers 2,215
1070,Tower Unite,215
1071,fpsVR,215
1072,Stronghold 2,214
1073,Hotline Miami,214
1074,Deus Ex: Human Revolution - Director's Cut,214
1075,TUNIC,214
1076,Dungeon Fighter Online,212
1077,Doki Doki Literature Club Plus!,212
1078,Project Wingman,212
1079,Homeworld Remastered Collection,212
1080,Our Life: Beginnings & Always,211
1081,Baba Is You,210
1082,Caves of Qud,210
1083,Sonic Mania,210
1084,Ni no Kuni Wrath of the White Witch™ Remastered,210
1085,Pharaoh + Cleopatra,209
1086,"Hot Dogs, Horseshoes & Hand Grenades",209
1087,Tropico 5,208
1088,Pixel Strike 3D,208
1089,Borderlands 2 RU,207
1090,Atomicrops,206
1091,Carnal Instinct,205
1092,LoveBeat,205
1093,Pinball FX3,204
1094,Fallout 2,204
1095,RPG Maker VX Ace,204
1096,Learn to Fly 3,203
1097,Spyro™ Reignited Trilogy,203
1098,Hurtworld,202
1099,Zuma's Revenge,201
1100,Maneater,201
1101,Battle for Wesnoth,201
1102,Valheim Dedicated Server,201
1103,Verdun,201
1104,Skullgirls 2nd Encore,201
1105,Dealer's Life 2,201
1106,Talisman: Digital Edition,201
1107,A Hat in Time,200
1108,Anno 1404 - History Edition,200
1109,Bloons TD5,200
1110,House Party,199
1111,Life is Strange 2,199
1112,"Warhammer 40,000: Dawn of War II",198
1113,Marvel's Guardians of the Galaxy,198
1114,Mafia: Definitive Edition,198
1115,太吾绘卷 The Scroll Of Taiwu,198
1116,Chivalry: Medieval Warfare,198
1117,Rivals of Aether,197
1118,Wizard of Legend,196
1119,Heroes of Might & Magic V,195
1120,Crash Bandicoot™ N. Sane Trilogy,195
1121,Midnight Ghost Hunt,195
1122,Spellbreak,195
1123,Steam,195
1124,Rising Storm/Red Orchestra 2 Multiplayer,194
1125,The Dark Pictures Anthology: House of Ashes,193
1126,Gas Station Simulator,193
1127,IOSoccer,192
1128,Sonic Generations,192
1129,3on3 FreeStyle: Rebound,191
1130,Fernbus Simulator,191
1131,SYNTHETIK,191
1132,Sword Art Online: Fatal Bullet,190
1133,The Next Door,190
1134,Time Clickers,189
1135,The Survivalists,188
1136,A Plague Tale: Innocence,188
1137,Train Valley 2,188
1138,恐惧之间 Fear surrounds,188
1139,Metin2,188
1140,Granblue Fantasy: Versus,187
1141,Ragnarok: The Lost Memories,187
1142,ULTRAKILL,187
1143,Mordheim: City of the Damned,186
1144,Might & Magic Heroes VII – Trial by Fire,186
1145,LEGO® MARVEL's Avengers,185
1146,Unrailed!,185
1147,Creativerse,185
1148,ANOTHER EDEN,185
1149,Just Cause 2,185
1150,The Lost Souls,183
1151,Dungeons 3,183
1152,Tales of Maj'Eyal,182
1153,GameMaker Studio 2 Desktop,182
1154,Tavern Master,182
1155,Cyber Hunter,182
1156,ENDER LILIES,181
1157,NOBUNAGA'S AMBITION: Souzou with Power Up Kit,181
1158,Tell Me Why,181
1159,Ultimate Custom Night,180
1160,Stonehearth,180
1161,Tales of Berseria,180
1162,Half-Life 2: Episode Two,180
1163,DJMAX RESPECT V,180
1164,Danganronpa: Trigger Happy Havoc,180
1165,Boom 3D,180
1166,俠之道(PathOfWuxia),180
1167,Dungeon Defenders,179
1168,Age of Darkness: Final Stand,178
1169,Dragon Age II,178
1170,Sid Meier's Civilization IV: Warlords,178
1171,UNO,178
1172,The Evil Within,177
1173,Resident Evil Revelations 2,177
1174,Wobbledogs,177
1175,LEGO® The Hobbit™,177
1176,Crypt of the NecroDancer,176
1177,Call of Duty: Infinite Warfare,176
1178,Endzone - A World Apart,176
1179,DARK SOULS™: Prepare To Die Edition,176
1180,The LEGO® NINJAGO® Movie Video Game,175
1181,South Park™: The Stick of Truth™,175
1182,Ghostrunner,175
1183,Supremacy 1914,175
1184,NBA 2K17,175
1185,Starbase,175
1186,BioShock 2 Remastered,174
1187,The Jackbox Party Pack 3,173
1188,McOsu,172
1189,TrackMania² Stadium,172
1190,Home Sweet Home Survive,171
1191,"Warhammer 40,000: Space Marine - Anniversary Edition",171
1192,Spore: Galactic Adventures,171
1193,Across the Obelisk,171
1194,Cry of Fear,171
1195,SpellForce: Platinum Edition,170
1196,WE ARE FOOTBALL,170
1197,AdventureQuest 3D,170
1198,Enderal: Forgotten Stories (Special Edition),170
1199,Immortal Life,169
1200,Mad Games Tycoon 2,169
1201,Trophy Fishing 2,169
1202,Call of Juarez Gunslinger,169
1203,MEDIEVAL: Total War™ - Gold Edition,169
1204,Yu-Gi-Oh! Legacy of the Duelist : Link Evolution,169
1205,Call of Duty: Black Ops II,169
1206,Miscreated,169
1207,Hobo: Tough Life,169
1208,懒人修仙传,168
1209,Zeus + Poseidon,168
1210,NOBUNAGA'S AMBITION: Tendou with Power Up Kit,168
1211,Metro 2033,168
1212,Empire of Sin,168
1213,Nevergrind Online,168
1214,Portal Knights,167
1215,Dark and Light,167
1216,Romans: Age of Caesar,167
1217,Pacify,167
1218,Katana ZERO,167
1219,Planetbase,167
1220,South Park The Fractured But Whole,166
1221,Worms Armageddon,166
1222,CrossCode,166
1223,The Horus Heresy: Legions,166
1224,SimplePlanes,165
1225,Spiral Knights,165
1226,We Were Here Together,165
1227,Tank Force,165
1228,Kingdom Rush Frontiers,165
1229,"Gremlins, Inc.",164
1230,"Warhammer 40,000: Battlesector",164
1231,Zombidle: REMONSTERED,164
1232,World of Warplanes,164
1233,Goat Simulator,164
1234,Incremental Adventures,164
1235,Rayman Legends,163
1236,Wolfenstein: The Old Blood ,163
1237,Bad North,162
1238,Tropico 4,162
1239,Dirty Bomb,162
1240,NGU INDUSTRIES,162
1241,Fable Anniversary,162
1242,Pixel Starships,161
1243,Underrail,161
1244,DiRT 4,161
1245,Zombie Army 4: Dead War,160
1246,TOXIKK,160
1247,SD GUNDAM G GENERATION CROSS RAYS,160
1248,WRC 10 FIA World Rally Championship,159
1249,Dead Rising 3,159
1250,Discord Bot Maker,159
1251,RIFT,159
1252,America's Army: Proving Grounds,158
1253,Streets of Rage 4,158
1254,Distant Worlds 2,158
1255,DPS IDLE,158
1256,ATOM RPG,158
1257,METAL GEAR SURVIVE,157
1258,American Theft 80s,157
1259,Cold Waters,156
1260,BattleBlock Theater,156
1261,Cossacks: Back to War,156
1262,Sun Haven,155
1263,Sid Meier's Colonization (Classic),155
1264,Summer Memories,154
1265,Parkitect,154
1266,GemCraft - Chasing Shadows,153
1267,Helltaker,153
1268,Through the Ages,153
1269,Chinese Parents,153
1270,Tyranny,153
1271,Hero Zero,152
1272,Spellcaster University,152
1273,CHRONO TRIGGER,152
1274,Xenonauts,151
1275,POSTAL Brain Damaged,151
1276,CRSED,151
1277,GUNS UP!,151
1278,Potion Craft,151
1279,Dead Rising 4,151
1280,Nuclear Throne,151
1281,The Walking Dead,151
1282,Black Survival,150
1283,Dysterra Playtest,150
1284,Corruption of Champions II,150
1285,Idle Monster TD,150
1286,HuniePop 2: Double Date,150
1287,Planetary Annihilation: TITANS,149
1288,河洛群俠傳 (Ho Tu Lo Shu ： The Books of Dragon),149
1289,The Legend of Heroes: Trails of Cold Steel,149
1290,Life is Feudal: Forest Village,149
1291,Gordian Quest,149
1292,Outlast 2,149
1293,Need for Speed™ Payback,149
1294,Pro Cycling Manager 2020,148
1295,LEGO® Harry Potter: Years 5-7,148
1296,Dishonored RHCP,148
1297,Automobilista 2,148
1298,Project: Gorgon,148
1299,Three Kingdoms: The Last Warlord,148
1300,Builder Simulator,147
1301,Zero-K,147
1302,Fallen Earth Classic,146
1303,Closers,146
1304,TrackMania United Forever,146
1305,Primal Carnage: Extinction,146
1306,NBA 2K19,145
1307,Fistful of Frags,145
1308,ヴァルキリーコネクト,145
1309,The Last Sin,145
1310,The Guild II: Renaissance,144
1311,Warpips,144
1312,Red Solstice 2: Survivors,144
1313,STAR WARS™: Squadrons,144
1314,Soccer Manager 2021,144
1315,Infinity Kingdom,144
1316,Awesomenauts,143
1317,Potion Craft Playtest,143
1318,GUILTY GEAR XX ACCENT CORE PLUS R,143
1319,Dark Deception,143
1320,Atom Fishing II,143
1321,METAL GEAR SOLID V: GROUND ZEROES,142
1322,F1 2019,142
1323,Warhammer: Chaos & Conquest,142
1324,Armello,141
1325,RollerCoaster Tycoon 2: Triple Thrill Pack,141
1326,Autonauts,141
1327,Mini Metro,141
1328,Diplomacy is Not an Option,140
1329,InfraSpace,140
1330,Tom Clancy's Splinter Cell Blacklist,140
1331,Tank Mechanic Simulator,140
1332,Angel Legion - Idle RPG,140
1333,Sniper Fury,140
1334,RAGE 2,140
1335,The Talos Principle,140
1336,Saints Row 2,139
1337,The Witness,139
1338,Let's Build a Zoo,139
1339,Nobody Saves the World,139
1340,LEGO® Star Wars™ III: The Clone Wars™,139
1341,Zoo 2: Animal Park,138
1342,The Ascent,138
1343,AION Free-to-Play,137
1344,ATRI -My Dear Moments-,137
1345,LEGO® STAR WARS™: The Force Awakens,137
1346,Ruined King: A League of Legends Story™,137
1347,Trainz: A New Era,136
1348,Atlantica Global,136
1349,Stronghold Crusader Extreme HD,136
1350,Endless World Idle RPG,136
1351,Ultimate Marvel vs. Capcom 3,136
1352,Mount & Blade,136
1353,Okami HD,136
1354,PROTOTYPE 2,136
1355,STAR WARS™ Jedi Knight: Jedi Academy™,136
1356,DARK SOULS™ II,136
1357,Mini World: Block Art,136
1358,Shadow Warrior 2,136
1359,From Shadows,135
1360,Contraband Police: Prologue,135
1361,The Battle of Polytopia,135
1362,Neos VR,135
1363,古剑奇谭(GuJian),135
1364,Dishonored®: Death of the Outsider™ ,135
1365,Sniper Ghost Warrior Contracts,134
1366,Dead Space,134
1367,Serious Sam VR: The Last Hope,134
1368,Project CARS,134
1369,Red Solstice 2: Survivors Playtest,134
1370,大秦帝国,134
1371,HuniePop,133
1372,Call of Duty: Modern Warfare Remastered,133
1373,CosmicBreak Universal,133
1374,Rise to Ruins,133
1375,"Warhammer 40,000: Dawn of War - Game of the Year Edition",133
1376,天神镇 Playtest,133
1377,Fallout,132
1378,VA-11 Hall-A: Cyberpunk Bartender Action,132
1379,Half-Life 2: Deathmatch,132
1380,Master of Orion 2,132
1381,Quake,131
1382,Icewind Dale: Enhanced Edition,131
1383,Space Travel Idle,131
1384,Beholder,131
1385,Cat Goes Fishing,131
1386,FINAL FANTASY VIII,131
1387,Dead Maze,131
1388,The Legend of Heroes: Trails in the Sky,130
1389,Hand Simulator,130
1390,Darkwood,130
1391,Resident Evil 0,130
1392,F1 2017,130
1393,Kingdoms of Amalur: Re-Reckoning,129
1394,GRID 2,129
1395,Untitled Goose Game,129
1396,Factory Town,129
1397,LEGO® Pirates of the Caribbean The Video Game,129
1398,Zero Hour,129
1399,Kingdom Rush,128
1400,海沙风云 Far Away,128
1401,Movavi Video Suite 17,128
1402,Keep Talking and Nobody Explodes,127
1403,SimAirport,127
1404,Chicken Invaders Universe,127
1405,Subverse,127
1406,Trine 4: The Nightmare Prince,127
1407,Poly Bridge 2,126
1408,Clickteam Fusion 2.5,126
1409,Caesar 3,126
1410,Halo Wars: Definitive Edition,126
1411,Overcooked,126
1412,Fire Pro Wrestling World,125
1413,Dungreed,125
1414,Carcassonne: The Official Board Game,125
1415,B100X - Auto Dungeon RPG,125
1416,Controller Companion,125
1417,Sea Dogs: To Each His Own,125
1418,ScreenPlay,125
1419,Teamfight Manager,125
1420,Internet Cafe Simulator 2,124
1421,EMERGENCY 20,124
1422,Darksiders II Deathinitive Edition,124
1423,Coromon,124
1424,Football Manager 2011,124
1425,XCOM: Chimera Squad,124
1426,Partisans 1941,123
1427,Dragon Age: Origins,123
1428,WGT Golf,123
1429,Little Nightmares II,123
1430,Overcooked! All You Can Eat,123
1431,Disgaea 5 Complete,122
1432,Job Simulator,122
1433,Construction-Simulator 2015,122
1434,Uncharted Waters IV HD Version,122
1435,iRacing,122
1436,SEGA Mega Drive & Genesis Classics,122
1437,World of Guns: Gun Disassembly,121
1438,Pincremental,121
1439,Hello Neighbor,121
1440,Torque Drift,121
1441,Knights and Merchants,121
1442,Anno 1800,121
1443,Trepang2 Demo,121
1444,Spelunky,121
1445,Destroy All Humans!,120
1446,Virtual Desktop,120
1447,Chronicon,120
1448,LET IT DIE,120
1449,Youtubers Life 2,119
1450,The Bus,119
1451,Monster Prom,119
1452,Natural Selection 2,119
1453,Might & Magic: Heroes VI,119
1454,Ultimate Epic Battle Simulator,119
1455,STAR WARS™ Galactic Battlegrounds Saga,119
1456,CryoFall,119
1457,My Lands,119
1458,Town of Night,119
1459,Persona 5 Strikers,119
1460,The Legend of Heroes: Trails of Cold Steel II,119
1461,Epic Battle Fantasy 5,119
1462,Steel Division: Normandy 44,119
1463,Sunset Overdrive,118
1464,Taimanin Collection: Battle Arena,118
1465,JUMP FORCE,118
1466,Z1 Battle Royale,118
1467,Bright Memory: Infinite,118
1468,Mega Man X Legacy Collection,118
1469,Riders of Icarus,118
1470,Fake Lay,118
1471,VEGAS Pro 14 Edit Steam Edition,117
1472,Castlevania: Lords of Shadow - Ultimate Edition,117
1473,RollerCoaster Tycoon® 3: Complete Edition,117
1474,The LEGO® Movie - Videogame,116
1475,Just Shapes & Beats,116
1476,ANVIL_Playtest,116
1477,Townscaper,116
1478,Quantum Break,116
1479,人格解体 Demo,116
1480,DashPanel,116
1481,Darkest Hour: A Hearts of Iron Game,116
1482,King's Bounty: The Legend,115
1483,Nine to Five Beta Weekend,115
1484,Super Jigsaw Puzzle: Generations,115
1485,Peggle Deluxe,115
1486,Magic Rampage,115
1487,Shift Happens,115
1488,Hover Hazard,115
1489,Animal Jam,115
1490,Pro Cycling Manager 2018,115
1491,Salt and Sanctuary,115
1492,The Legend of Heroes: Trails of Cold Steel III,114
1493,Dead Space 2,114
1494,Alice: Madness Returns,114
1495,Counter-Strike: Global Offensive - SDK,114
1496,BIGFOOT,113
1497,Into the Radius VR,113
1498,Darksiders III,113
1499,Sally Face,113
1500,Wurm Unlimited,113
1501,The Last Stand: Aftermath,113
1502,FlatOut 2,113
1503,EARTH DEFENSE FORCE 4.1  The Shadow of New Despair,113
1504,Freddy Fazbear's Pizzeria Simulator,112
1505,The Dark Pictures Anthology: Man of Medan,112
1506,Tangle Tower,112
1507,Cloudpunk,112
1508,Battlefield: Bad Company™ 2,112
1509,Drunken Wrestlers 2,112
1510,Ori and the Blind Forest,112
1511,三国群英传8 Kingdom Heroes 8,112
1512,Attack on Titan 2 - A.O.T.2,112
1513,Farmer's Dynasty,112
1514,Booty Calls,112
1515,"Warhammer 40,000: Dawn of War III",111
1516,We Were Here Too,111
1517,Khan: Absolute Power,111
1518,Company of Heroes - Legacy Edition,111
1519,State of Decay: Year-One,111
1520,Crafting Idle Clicker,111
1521,Tales of Vesperia: Definitive Edition,111
1522,Amazing Frog?,110
1523,King's Bounty: Warriors of the North,110
1524,Sacred 2 Gold,110
1525,Gas Station Simulator: Prologue - Early Days,109
1526,Thief,109
1527,Industry Idle,109
1528,F1 2012,109
1529,Bloons Adventure Time TD,109
1530,Serious Sam 4,109
1531,Factorio Demo,109
1532,SpongeBob SquarePants: Battle for Bikini Bottom - Rehydrated,108
1533,Shop Heroes,108
1534,三国群英传,108
1535,Ember Knights,108
1536,3DMark Demo,108
1537,Vault of the Void,108
1538,Return of the Obra Dinn,108
1539,FINAL FANTASY II,107
1540,Prehistoric Kingdom,107
1541,The Drone Racing League Simulator,107
1542,Curious Expedition 2,106
1543,Fly Corp,106
1544,STEINS;GATE,106
1545,Mafia II: Definitive Edition,106
1546,UpGun,106
1547,Elven Assassin,106
1548,King's Bounty: Dark Side,106
1549,AI: The Somnium Files,105
1550,FINAL FANTASY,105
1551,7 Days to Die Dedicated Server,105
1552,Supraland,105
1553,Poly Bridge,105
1554,Supreme Ruler Ultimate,105
1555,The Tenants,105
1556,Rogue Legacy,105
1557,Encased,105
1558,Resident Evil Revelations,104
1559,Out of the Park Baseball 21,104
1560,Walking Zombie 2,104
1561,Serious Sam 3: BFE,104
1562,Mist Legacy,104
1563,OneShot,104
1564,DiRT 3 Complete Edition,103
1565,Project Winter,103
1566,R.U.S.E,103
1567,Who's Your Daddy?!,103
1568,Strange Night,102
1569,Orcs Must Die! 2,102
1570,Sid Meier's Pirates!,102
1571,Sonic Adventure DX,102
1572,Scythe: Digital Edition,102
1573,You Need A Budget 4 (YNAB),102
1574,Little Big Workshop,101
1575,Valkyria Chronicles 4 Complete Edition,101
1576,Century: Age of Ashes,101
1577,Fault,101
1578,Heavy Rain,101
1579,NAVYFIELD,101
1580,Card Shark,100
1581,Risen,100
1582,Anno 2070,100
1583,League of Maidens,100
1584,Beat Cop,100
1585,RollerCoaster Tycoon 3: Platinum!,100
1586,Ostriv,100
1587,Pool 2D - Poolians,100
1588,Ancestors: The Humankind Odyssey ,100
1589,Wasteland 2: Director's Cut,100
1590,Toribash,100
1591,Redmatch 2,99
1592,Poker Championship,99
1593,Wargroove,99
1594,Battlestar Galactica Deadlock,99
1595,The Legend of Heroes: Sen no Kiseki IV -THE END OF SAGA-,99
1596,ArcheAge,99
1597,Sid Meier's Railroads!,99
1598,Super Bunny Man,99
1599,Derail Valley,99
1600,Colony Survival,98
1601,Need for Speed™ Hot Pursuit Remastered,98
1602,SpaceEngine,98
1603,FINAL FANTASY IV,98
1604,The Legend of Heroes: Sen no Kiseki III,98
1605,雀姬,98
1606,Startup Company,97
1607,Half-Life 2: Episode One,97
1608,Elsword Free-to-Play,97
1609,Cyber Manhunt,97
1610,Dungeons of Betrayal,97
1611,The Adventurer - Episode 1: Beginning of the End,96
1612,GRIS,96
1613,Total Tank Simulator,96
1614,Grow Defense,96
1615,Bayonetta,96
1616,Fell Seal: Arbiter's Mark,95
1617,The Jackbox Party Pack 5,95
1618,Idle big Devil,95
1619,Sakura Clicker,95
1620,Strategic Command WWII: War in Europe,95
1621,Darksiders Warmastered Edition,95
1622,Need for Speed™ Most Wanted,95
1623,WWE 2K19,95
1624,Sword and Fairy 3,94
1625,Life is Strange: True Colors,94
1626,Monopoly Plus,94
1627,Sakuna: Of Rice and Ruin,94
1628,60 Seconds! Reatomized,94
1629,PRO EVOLUTION SOCCER 2018,94
1630,Eastward,94
1631,City of Gangsters,93
1632,Day of Defeat,93
1633,Infinitode 2 Playtest,93
1634,Football Manager 2009,93
1635,GRID Legends,93
1636,Puzzle Pirates,93
1637,FINAL FANTASY VIII - REMASTERED,93
1638,Revita,93
1639,Pogostuck: Rage With Your Friends,92
1640,Homeworld: Deserts of Kharak,92
1641,Move or Die,92
1642,Borderlands GOTY,92
1643,Thea 2: The Shattering,92
1644,STORY OF SEASONS: Friends of Mineral Town,92
1645,ISEKAI QUEST,92
1646,三国群英传3,92
1647,Far Cry 2,92
1648,PRO EVOLUTION SOCCER 2019,92
1649,MMORPG Tycoon 2,92
1650,Beyond: Two Souls,92
1651,Warhammer: End Times - Vermintide,91
1652,War for the Overworld,91
1653,Ys VIII: Lacrimosa of Dana,91
1654,NIMBY Rails,91
1655,Railroad Tycoon 2: Platinum,91
1656,Easy Pose,91
1657,Hearts of Iron III,90
1658,League of Angels-Heaven's Fury,90
1659,Granado Espada Japan,90
1660,SUPERHOT: MIND CONTROL DELETE,90
1661,Jagged Alliance 2 - Wildfire ,90
1662,ParanormalHK,90
1663,Sheltered 2,90
1664,Expeditions: Viking,89
1665,Marbles on Stream,89
1666,VoiceAttack,89
1667,The Legend of Heroes: Trails in the Sky SC,89
1668,Threads of Destiny,89
1669,Ryse: Son of Rome,89
1670,Rush for gold: Alaska,89
1671,Need for Speed™,89
1672,THE KING OF FIGHTERS 2002 UNLIMITED MATCH,89
1673,Lords of the Realm II,88
1674,Chrono Ark,88
1675,Kingdom: Classic,88
1676,Tricky Towers,88
1677,Risen 2 - Dark Waters,88
1678,Fallout 3,87
1679,Feign,87
1680,Runes of Magic,87
1681,Castle of no Escape 2,87
1682,Sniper Elite V2,87
1683,King's Bounty: Crossworlds,87
1684,EMERGENCY 4 Deluxe,87
1685,Just Act Natural,86
1686,Othercide,86
1687,SOMA,86
1688,Religion inc,86
1689,Winning Post 9 2021,86
1690,Settlement Survival Playtest,86
1691,Root,86
1692,The Legend of Heroes: Sen no Kiseki I KAI -Thors Military Academy 1204-,85
1693,Youtubers Life,85
1694,Champions Online,85
1695,Disciples: Liberation,85
1696,Mashinky,85
1697,FPS Monitor,85
1698,Space Hulk: Deathwing - Enhanced Edition,85
1699,Carrier Command 2,85
1700,Total Annihilation,84
1701,Anno 2205,84
1702,The Housewife,84
1703,Supreme Commander,84
1704,Sword Art Online: Hollow Realization Deluxe Edition,84
1705,Perfect Heist 2,84
1706,Soda Dungeon,84
1707,Zero Escape: The Nonary Games,83
1708,Star Valor,83
1709,Ring of Pain,83
1710,Enderal: Forgotten Stories,83
1711,Divinity Chronicles: Journey to the West,83
1712,Dungeon Painter Studio,83
1713,SHOGUN: Total War™ - Collection,83
1714,Tactical Monsters Rumble Arena,83
1715,Escape Room - The Sick Colleague,83
1716,Rival Stars Horse Racing,82
1717,After The Fall,82
1718,Cricket 19,82
1719,Magicka 2,82
1720,Tannenberg,82
1721,MELTY BLOOD: TYPE LUMINA,82
1722,Prototype,82
1723,Dead Island Riptide Definitive Edition,82
1724,Element TD 2,82
1725,EZ2ON REBOOT : R,82
1726,Songs of Syx,82
1727,隐形守护者 The Invisible Guardian,81
1728,Monster Girl Island: Prologue,81
1729,Spec Ops: The Line,81
1730,Age of Conan: Unchained,81
1731,Sherlock Holmes: The Devil's Daughter,81
1732,Scavengers,81
1733,Growing Up,81
1734,Wartune Reborn,81
1735,Ball 3D,81
1736,Drift Horizon Online,80
1737,Stronghold Legends,80
1738,Survivalist: Invisible Strain,80
1739,Deponia: The Complete Journey,80
1740,Rogue Heroes: Ruins of Tasos,80
1741,PIXEL ZUMBI,80
1742,Hellblade: Senua's Sacrifice,80
1743,Mist Survival,80
1744,EVERSPACE™ 2,80
1745,THE KING OF FIGHTERS XIII STEAM EDITION,80
1746,Psychonauts,80
1747,Twilight Struggle,79
1748,NEBULOUS: Fleet Command,79
1749,Rusted Warfare - RTS,79
1750,Wurm Online,79
1751,Guardians of Victoria,79
1752,Pixel Studio for pixel art,79
1753,Animation Throwdown: The Quest for Cards,79
1754,Bugsnax,79
1755,MorphVOX Pro 4 - Voice Changer,79
1756,The Land of Dasthir,79
1757,Cliff Empire,79
1758,Yakuza 3 Remastered,79
1759,Battle Chasers: Nightwar,79
1760,"Football, Tactics & Glory",79
1761,BRAVELY DEFAULT II,79
1762,BRAIN / OUT,78
1763,Darksiders Genesis,78
1764,Call of Duty: Ghosts - Multiplayer,78
1765,FOREWARNED,78
1766,Love & Sex: Second Base,78
1767,Unravel Two,78
1768,Operation: Tango - Demo,78
1769,Project Highrise,78
1770,SUPERHOT,78
1771,HighFleet,77
1772,Stronghold: Warlords,77
1773,Frederic: Resurrection of Music,77
1774,CombatArms: Reloaded,77
1775,Thronebreaker: The Witcher Tales,77
1776,Big Bang Empire,77
1777,The Spike,77
1778,Mr. Prepper,77
1779,The Fishing Club 3D,77
1780,Sunless Sea,76
1781,First Class Trouble,76
1782,Alien Swarm,76
1783,Saints Row The Third Remastered,76
1784,Pathologic 2,76
1785,No Place Like Home,76
1786,Clue/Cluedo: The Classic Mystery Game,76
1787,Emporea,76
1788,STAR WARS™: The Force Unleashed™ II,76
1789,VUP,75
1790,Dead Space™ 3,75
1791,Yakuza 6: The Song of Life,75
1792,Sniper Ghost Warrior 2,75
1793,Spintires®,75
1794,Home Design 3D,75
1795,Shiren the Wanderer: The Tower of Fortune and the Dice of Fate,75
1796,"Planes, Bullets and Vodka",75
1797,Iratus: Lord of the Dead,75
1798,Street Fighter 30th Anniversary Collection,75
1799,Modern Combat 5,75
1800,Modern Combat 5,75
1801,Sunless Skies,75
1802,Fantasy Grounds Unity,74
1803,Five Nights at Freddy's,74
1804,Tetris® Effect: Connected,74
1805,MotoGP™21,74
1806,Shin Megami Tensei III Nocturne HD Remaster,74
1807,Volcanoids,74
1808,Europa Universalis III,74
1809,Peggle Nights,74
1810,Company of Heroes: Tales of Valor,73
1811,Day D: Tower Rush,73
1812,Castlevania: Lords of Shadow 2,73
1813,Bus Simulator 21,73
1814,Rune Factory 4 Special,73
1815,Football Manager 2010,73
1816,Hammerting,72
1817,Sherlock Holmes Chapter One,72
1818,BLOCKPOST,72
1819,Desktop+,72
1820,PC Building Simulator IT Expansion Beta,72
1821,BPM: BULLETS PER MINUTE,72
1822,Tree of Life: Oddria! Playtest,72
1823,The Legend of Heroes: Trails of Cold Steel IV,71
1824,Road 96,71
1825,Vampire: The Masquerade - Bloodlines,71
1826,Ancestors Legacy,71
1827,King of Crabs,71
1828,DRAGON BALL XENOVERSE,71
1829,LEGO® The Incredibles,71
1830,There Is No Game: Wrong Dimension,71
1831,Scribble It!,71
1832,GUILTY GEAR Xrd -REVELATOR-,71
1833,DeoVR Video Player,70
1834,Razortron 2000,70
1835,This Book Is A Dungeon,70
1836,POSTAL 4: No Regerts,70
1837,Fun with Ragdolls: The Game,70
1838,Deus Ex: Game of the Year Edition,70
1839,A Princess' Tale,69
1840,Cat Cafe Manager,69
1841,112 Operator,69
1842,Mirror's Edge™ Catalyst,69
1843,Dead Rising 2,69
1844,Heavy Metal Babes,69
1845,我来自江湖,69
1846,Operation Tango,69
1847,Due Process,69
1848,American Truck Simulator Demo,68
1849,WolfTeam: Classic,68
1850,Yu-Gi-Oh! Legacy of the Duelist,68
1851,Vagante,68
1852,Rock 'N' Roll Defense,68
1853,D&D Lords of Waterdeep,67
1854,STORY OF SEASONS: Pioneers of Olive Town,67
1855,Motor Town: Behind The Wheel,67
1856,Nexomon: Extinction,67
1857,X3: Albion Prelude,67
1858,Contraband Police Demo,67
1859,Carton,67
1860,Propagation VR,67
1861,FINAL FANTASY XIII-2,66
1862,NOBUNAGA'S AMBITION: Kakushin with Power Up Kit,66
1863,Bug Fables: The Everlasting Sapling,66
1864,Star Realms,66
1865,Fun Hospital,66
1866,Animalia Survival,65
1867,Cavern Escape,65
1868,Magic Duels,65
1869,Idol Manager,65
1870,Ancient Warfare 3,65
1871,嗜血印 Bloody Spell,64
1872,"Warhammer 40,000: Dawn of War II - Chaos Rising",64
1873,GOD EATER 3,64
1874,Maitetsu:Last Run!!,64
1875,"Warhammer 40,000: Inquisitor - Prophecy",64
1876,:THE LONGING:,64
1877,Death Road to Canada,64
1878,Dungeon of the ENDLESS™,64
1879,Dungeons of Edera,64
1880,Secret World Legends,64
1881,Sonic & All-Stars Racing Transformed Collection,63
1882,FATE,63
1883,SUPERHOT VR,63
1884,Democracy 4,63
1885,Nine Parchments,63
1886,WARRIORS OROCHI 4,62
1887,The Jackbox Party Pack 4,62
1888,Castlevania Advance Collection,62
1889,Dead Rising,62
1890,Kingdom Rush Origins,62
1891,Breathedge,62
1892,TOGETHER BnB,62
1893,The Jackbox Party Pack 7,62
1894,Streamer Life Simulator,62
1895,The Hand of Merlin,61
1896,Houdini Indie,61
1897,RPG MO,61
1898,DUSK,61
1899,Worms Revolution,61
1900,War on the Sea,60
1901,This Land Is My Land,60
1902,Atelier Ryza 2: Lost Legends & the Secret Fairy,60
1903,King’s Bounty: Legions,60
1904,Them's Fightin' Herds,59
1905,Unity of Command II,59
1906,探灵笔記/拾遗记-1v5(Notes of Soul),59
1907,Chaos Town,59
1908,DEAD OR ALIVE 6,59
1909,Phobies,59
1910,Man of the House,59
1911,Exanima,59
1912,3tene,58
1913,DOOM 3: BFG Edition,58
1914,Siralim Ultimate,58
1915,Soul at Stake - 1v4,58
1916,Magicka,58
1917,DayZ Tools,58
1918,Mountain,58
1919,1931: Scheherazade at the Library of Pergamum,57
1920,LIGHTNING RETURNS: FINAL FANTASY XIII,57
1921,Strategic Command WWII: World at War,57
1922,Space Station 14 Playtest,57
1923,SpedV,57
1924,My Little Farmies,57
1925,NOBUNAGA'S AMBITION: Souzou,57
1926,"Guns, Gore and Cannoli 2",57
1927,ENDLESS™ Space - Definitive Edition,56
1928,Rubber Bandits Playtest,56
1929,Shadow Tactics: Blades of the Shogun - Aiko's Choice,56
1930,SWORD ART ONLINE Alicization Lycoris,56
1931,Monster Prom 2: Monster Camp,55
1932,Gears Tactics,55
1933,Crown Trick,55
1934,Gloria Sinica: Han Xiongnu Wars,55
1935,Wolfenstein: Youngblood,55
1936,House Builder,55
1937,Mansions of Madness,54
1938,DYNASTY WARRIORS 9 Empires,54
1939,Puyo Puyo Champions,54
1940,Fishing: North Atlantic,54
1941,Alice's Patchworks 2,54
1942,Legend creatures,54
1943,Void Source,54
1944,Zenith MMO,54
1945,My Free Farm 2,53
1946,ISLANDERS,53
1947,Osiris: New Dawn,53
1948,Death's Gambit: Afterlife,53
1949,Punch Club,53
1950,The Secret of Monkey Island: Special Edition,53
1951,The Dark Pictures Anthology: Little Hope,53
1952,Secret Neighbor,53
1953,Team Fortress Classic,52
1954,Romance of the Three Kingdoms X with Power Up Kit,52
1955,Zeepkist,52
1956,PIPE,52
1957,Arvale,52
1958,Automobilista,52
1959,Night of the Full Moon,51
1960,Rhythm Doctor,51
1961,英雄伝説 創の軌跡,51
1962,Big Bia,51
1963,Battle Realms: Zen Edition,51
1964,Romance of the Three Kingdoms IX with Power Up Kit,51
1965,Arizona Sunshine,51
1966,PULSAR: Lost Colony,51
1967,The Stanley Parable,51
1968,Labyrinthine,51
1969,Cyberhunt,51
1970,Invasion: Brain Craving,50
1971,POLYWAR,50
1972,APICO,50
1973,圣女战旗 Banner of the Maid,50
1974,surviv.io - 2D Battle Royale,50
1975,NoLimits 2 Roller Coaster Simulation,49
1976,Eron,49
1977,INSIDE,49
1978,Freebie,49
1979,Torchlight III,49
1980,Death's Door,49
1981,Ninja Stealth,49
1982,Mars Horizon,49
1983,Fort Defense,49
1984,Turbo Pug 3D,49
1985,The Jackbox Party Pack 2,49
1986,NASCAR Heat 5,49
1987,The Inevitability,49
1988,Super Bomberman R Online,49
1989,Layers of Fear,48
1990,Ampersand,48
1991,Fights in Tight Spaces,48
1992,Moving Out,48
1993,No Turning Back: The Pixel Art Action-Adventure Roguelike,48
1994,Pro Cycling Manager 2019,48
1995,STAR WARS™ Battlefront™,48
1996,Cube Escape: Paradox,47
1997,Save Their Souls,47
1998,OR,47
1999,Tales of Symphonia,47
2000,Data Hacker: Initiation,46
2001,Day of Infamy,46
2002,The Dungeon Of Naheulbeuk: The Amulet Of Chaos,46
2003,Stolen Realm,46
2004,Royal Defense,46
2005,King's Bounty II,46
2006,Lost Ruins,45
2007,Portal Reloaded,45
2008,GrandChase Classic,45
2009,STAR WARS™ Rebellion,45
2010,Romance of the Three Kingdoms XII with Power Up Kit,44
2011,Instruments of Destruction,44
2012,HOT WHEELS UNLEASHED™,44
2013,Turbo Pug DX,44
2014,Turbo Pug,43
2015,Star Fields,43
2016,Chernobylite,43
2017,Movavi Video Suite 18,42
2018,Neon Hardcorps,42
2019,OverDrift Festival,42
2020,Star Chronicles: Delta Quadrant,42
2021,The Adventures of Fluffy,42
2022,New kind of adventure,42
2023,微光之镜 Glimmer in Mirror Demo,42
2024,ORX Demo,41
2025,Battlefield 3™ ,41
2026,BROKE PROTOCOL: Online City RPG,41
2027,The Life and Suffering of Sir Brante,41
2028,Battle Cry of Freedom,41
2029,I wanna be the Creator,41
2030,Stellar 2D,41
2031,Captain Tsubasa - Rise of New Champions,40
2032,Bigscreen Beta,40
2033,Pixel Puzzles 2: Space,40
2034,SUPER ROBOT WARS X,40
2035,NARAKA: BLADEPOINT - Test Server,40
2036,Final Quest II,40
2037,Teddy Floppy Ear - The Race,40
2038,Cruelty Squad,40
2039,侠客风云传前传(Tale of Wuxia:The Pre-Sequel),39
2040,Stone Age Wars,39
2041,Trials of Mana,39
2042,Clergy Splode,39
2043,Tricolour Lovestory,39
2044,Black Book,39
2045,The Political Process,38
2046,仙剑奇侠传四(Chinese Paladin：Sword and Fairy 4),38
2047,State of Anarchy,38
2048,Warriors of Vilvatikta,38
2049,Office Battle,38
2050,Anomaly Zone,38
2051,Aura Kingdom,38
2052,Nihilist Simulator,38
2053,Powernaut VANGARDT,37
2054,Wizardry: The Five Ordeals,37
2055,Through Abandoned: The Forest,37
2056,The Last Hope,37
2057,SUPER ROBOT WARS V,37
2058,Dungeon of Zolthan,37
2059,$1 Ride,37
2060,冒险村传说（Tales of Legends）,37
2061,Hyper color ball,37
2062,Midnight Carnival,37
2063,Madden NFL 21,37
2064,Planetoid,36
2065,Gloomwood Demo,36
2066,Door Kickers: Action Squad,36
2067,Purgatory,36
2068,Port Royale 4,36
2069,Furry Love 2,36
2070,StarBreak,36
2071,PhysDrive,36
2072,The Forgotten City,35
2073,King of Retail,35
2074,OnlyCans: Thirst Date,35
2075,Onward,35
2076,BLOCKADE ,35
2077,古剑奇谭网络版 海外版,35
2078,The Jackbox Party Pack 8,35
2079,Cards of Cthulhu,35
2080,Darkest Hour: Europe '44-'45,34
2081,Rento Fortune - Multiplayer Board Game,34
2082,Linked,34
2083,Football Manager 2019 Touch,34
2084,Slapshot: Rebound,34
2085,Castle of no Escape,34
2086,Alien Marauder (Playtest),34
2087,THE GAME OF LIFE 2,33
2088,Worms Clan Wars,33
2089,Unheard,33
2090,COMBAT ARMS: THE CLASSIC,33
2091,Lawn Mowing Simulator,32
2092,Nemesis: Distress,32
2093,DYNASTY WARRIORS 9,32
2094,Dream Stone,32
2095,Cosmic Dust & Rust,32
2096,Aragami 2,32
2097,Barony,31
2098,Data Hacker: Reboot,31
2099,Dead6hot,31
2100,Hold your houses,31
2101,FEMINAZI: The Triggering,31
2102,Deep Space Dash,31
2103,Age of Conquest IV,31
2104,Eaten Alive,31
2105,The Lord of the Rings: Journeys in Middle-earth,31
2106,ShapeShifter,31
2107,Raging Loop,31
2108,Super Switch,31
2109,Necromunda: Hired Gun,31
2110,BIOHAZARD VILLAGE Z Version,30
2111,Weapons Genius,30
2112,Roundguard,30
2113,Spikit,30
2114,Star Drifter,30
2115,Chronicles of the Witches and Warlocks,29
2116,Broken Dreams,29
2117,Notruf 112 - Die Feuerwehr Simulation 2,29
2118,The Last Hope Trump vs Mafia,29
2119,Rakion Chaos Force,29
2120,Orbt XL,29
2121,Hero Quest: Tower Conflict,29
2122,Drayt Empire,28
2123,Final Quest,28
2124,Reset 1-1,28
2125,The Jackbox Party Pack,28
2126,Super Space Pug,28
2127,Barro,28
2128,Overture,27
2129,Golf Gang,27
2130,Rabiez: Epidemic,27
2131,Portal of Evil: Stolen Runes Collector's Edition,27
2132,The Dreamlord,27
2133,Gems of the Aztecs,27
2134,My Lovely Wife,26
2135,Kitchen Simulator 2015,26
2136,Calcu-Late,26
2137,Blazing Sails,25
2138,天命奇御 Fate Seeker,25
2139,Ballistic Overkill,25
2140,FurryFury,25
2141,Black River,25
2142,Card Hunter,25
2143,Aircraft Carrier Survival,25
2144,Star Merc,25
2145,THE [email protected] STARLIT SEASON ,25
2146,Spacelines From The Far Out,25
2147,StarFringe: Adversus,24
2148,Robin Hood - Sherwood Builders Playtest,24
2149,Germ Wars,24
2150,sheepChat,24
2151,Vagrant Hearts Zero,23
2152,War of Rights,23
2153,Pixel Puzzles 2: Christmas,22
2154,Dynamic,22
2155,AI: Rampage,20
2156,Carrier Command 2 Playtest,20
2157,There’s no Light Demo,20
2158,Kombine,20
2159,Medieval Defenders,20
2160,The Albatross,20
2161,Fantasy Grounds Unity Demo,20
2162,Mindless Running,19
2163,Nya Nya Nya Girls (ʻʻʻ)_(=^･ω･^=)_(ʻʻʻ),18
2164,Terra Incognita ~ Chapter One: The Descendant,18
2165,Ninja Stealth 3,18
2166,Biped,18
2167,Elendia Ceus,17
2168,Inferno,17
2169,A Story About My Uncle,17
2170,Shift,17
2171,仙剑奇侠传五 前传（Chinese Paladin：Sword and Fairy 5 Prequel）,17
2172,Sleeping Valley,17
2173,Intruder,16
2174,Furry Love,16
2175,Unfortunate Spacemen,16
2176,Syberia - The World Before,16
2177,Lamp Head,16
2178,ESEA,16
2179,Approaching Blocks,16
2180,Chernobyl Liquidators Simulator Playtest,15
2181,KHOLAT,15
2182,Magic Quest,15
2183,The Greatest Penguin Heist of All Time,15
2184,Chicken Shoot 2,14
2185,Moonchild,14
2186,Slappyball,14
2187,Drop Hunt,14
2188,Orwell,14
2189,Bit Blaster XL,13
2190,Earth 2160,13
2191,Lord of the Dark Castle,12
2192,Finnish Roller,12
2193,Red Lake,12
2194,8infinity,12
2195,Myth of Empires Playtest,12
2196,Planet R-12,11
2197,Rushdown Revolt,11
2198,In Silence,11
2199,Fated Souls 3,11
2200,The Tiny Bang Story,10
2201,Murderous Pursuits,10
2202,DISTRAINT: Deluxe Edition,10
2203,Poop Clicker,10
2204,System Shock Demo,10
2205,Mind Spheres,10
2206,You Suck at Parking Demo,9
2207,Oh My Gore!,9
2208,ORBITAL,9
2209,Project Tarvotan,9
2210,Lapin Demo,9
2211,Bunker - The Underground Game,9
2212,Freedom Cry,9
2213,Minimalism,9
2214,Black Home,8
2215,Tales of Destruction,8
2216,Yargis - Space Melee,8
2217,Katy and Bob Way Back Home,8
2218,Earth 2150 Trilogy,8
2219,BlackSmith HIT,7
2220,Bladestar,7
2221,Geneshift,7
2222,Fated Souls 2,7
2223,Ashes of Immortality II - Bad Blood,7
2224,Super Mega Neo Pug,7
2225,Particula,6
2226,Teddy Floppy Ear - Mountain Adventure,6
2227,Hentai Furry,6
2228,Mosaics Galore,6
2229,Evolvation,6
2230,Smithy,6
2231,Epic Quest of the 4 Crystals,6
2232,Catch a Falling Star,5
2233,Over 9000 Zombies!,5
2234,"Kivi, Toilet and Shotgun",5
2235,Ashes of Immortality II,5
2236,Super Mustache,5
2237,iREC,5
2238,Wooden House,4
2239,VERGE:Lost chapter,4
2240,Darkness Ahead,4
2241,Memories of a Vagabond,4
2242,A Trip to Yugoslavia: Director's Cut,4
2243,Earth 2140 HD,4
2244,Lup,4
2245,Bacteria,4
2246,Kathy Rain,4
2247,DungeonUp,3
2248,Chicken Shoot Gold,3
2249,EGOS - Tales of Fallen Souls,3
2250,Teddy Floppy Ear - Kayaking,3
2251,Oh No! Bugs!,3
2252,Eight Mini Racers,3
2253,Bomb Royale,3
2254,Rogue Port - Blue Nightmare,2
2255,Invisible Mind,2
2256,Gachi Heroes,2
2257,Green Game: TimeSwapper,2
2258,Sandstorm,2
2259,Ashes of Immortality,2
2260,Monument,2
2261,Leif's Adventure: Netherworld Hero Demo,2
2262,Survive in Space,2
2263,PulseCharge,2
2264,Save Jesus,1
2265,The Deal,1
2266,Fated Souls,1
2267,Braveland,1
2268,Pongo,1
2269,Dread Hunger Playtest,1
2270,Flicker of Hope,1
2271,Onyx,1
2272,Introvert Quest,1
2273,Upside Down,1
2274,Painted Memories,1
2275,Slash It Ultimate,1
2276,Hungry Flame,1
2277,Avenger Bird,1
2278,Heli Heroes,1
2279,Machine Made: Rebirth,0
2280,Spin Rush,0
2281,Putrefaction 2: Void Walker,0
2282,One Wish,0
2283,TwilightStar: Heart of Eir Demo,0
2284,Ghostlords,0
2285,Chimpology,0
2286,Ego In A Coma (自我、状態、昏睡。),0
2287,Hillbilly Apocalypse,0
2288,Neon Space 2,0
2289,Beastiarium,0
2290,Iron Sky Invasion,0
2291,Incandescent,0
2292,Frederic: Evil Strikes Back,0
2293,TRISTOY,0
2294,Pixel Puzzles Mosaics,0
2295,Hotel Anatolia,0
2296,Darkness Assault,0
